S√©quentiel,"Lorsque vous ne trouvez pas des informations sur Vikidia, o√π allez-vous en priorit√© ?"
6,"Nul part, car je trouve souvent les informations que je veux sur Vikidia"
17,Je n‚Äôy vais pas pour lire des articles
33,WP
43,je ne ve pas le dire
53,chez savant  Cogitus
56,nulle part
58,Khan academy
59,7
63,"√ßa ne m'est jamais arriv√©,ce site super a toujours les r√©ponses √† mes questions."
65,Je ne sais pas
69,divers sites
71,A l'interieur
85,Je viens d'arriver sur la page
118,Revues sp√©cialis√©es
120,wiki
127,Je trouve toujours satisfaction.
131,Web
132,Je fouine un peu partout pour trouver ce que je cherche.  Je ne me contente pas d'une seule source
134,Sur mes dm (Devoir Maison)üòÖ
139,Dans la foug√®re
143,"J‚Äôexplore les divers propositions , pas de sites particulier"
147,qwand junior
148,W
155,Ailleurs
157,Wilnikis
169,jkdqjzeajfzjjgjore
172,v
173,sur le sites meme
175,Vers mes parents
177,Cela ne s'est jamais d√©roul√©.
184,Wiquip√©dia
188,xfile
193,"je resterai ici m√™me,je ne sais o√π aller."
194,Je n'ai pas de priorit√©
200,N'importe
203,sur wiip√©dia
207,Je cherche des sites qui connaissent bien le sujet que je veux approfondir !
209,Nulle part
212,Des sites sp√©cialis√©s selon les sujets
234,wiki
235,Je vais sur des journaux de confiance comme Le Monde par exemple.
243,Des sites officiels de pr√©f√©rence
244,partout
251,Ailleurs
260,France Culture
269,T
270,Hdlhdkdhdkd
285,au hasard
293,"Demander √† mes copains copines hein, leurs mots sont plus simples"
296,A mes parents
306,amazon
317,"coucou"""" OR 1=1;#"
319,Aucun site en particulier. J‚Äôen prend plusieurs pour avoir plusieurs sources d‚Äôinformations.
329,gogle
332,Dans ma douche pour pleurer
337,wiki
340,m
360,Ailleurs
363,Wikid√©dia ou lumni
364,s
365,Sur des sites lambda
369,? ??
374,sur des sites d√©di√©s √† mon domaine de recherche
379,vikipedia
380,nul part
381,"J‚Äôai oubli√© le nom, d√©sol√©"
387,siri
393,je ne sais pas
395,Je n‚Äôai jamais eu besoin d‚Äôaller sur des pages d‚Äôaide. J‚Äôai toujours tout trouv√©.
398,je trouve tous sur  Vikidia
399,/
409,Sur les sites international sur le sujet en question (ONS ect
420,au sujet de mes recherche
428,Je demande des informations √† mes proches
432,qdfvqd
435,pas l√†
450,wiki
457,jkfyjfjfchfgc
465,ikipiidia
477,ici
479,chez les enfants
482,n'importe o√π il y a les informations que je recherche
484,chez ma m√®re
494,je compile plusieurs sources d'information.
497,"h√©rodote, arte"
498,bonsoir
499,"gkr,"
501,Rien
515,sur les sources
524,dans ton cou
546,Sur le site d'apr√®s
568,Dans mon cerveau
572,Nul part
573,Chez mamie
582,Dans la salle √† manger.
583,t
587,Sur le site suivant
593,chez ma grosse daronne
594,pornhub
605,Wiki
613,fortnite
614,fjkghfyudhrg
626,ailleurs
629,Sur Vikidia
631,partout
642,Web
644,N‚Äôimpo o√π
646,n'importe ou
650,C'est la premi√®re fois que je vais sur vikidia
654,Site sp√©cialis√© sur le sujet
657,h(((
662,Gallica
663,wikepedia
664,la ou je trouve l'info d√©sirer
670,ailleurs
677,uihho*lmjopnko√¥
686,J essaye de comprendre
690,N'importe o√π.
691,pour le moment pas eu ce probleme
699,au d√©but de l'article
715,JSP
732,heeeuuu...j'en trouve toujours!
734,/
742,baidu
764,0
780,knf
